{
  "n_agents": 600,
  "n_evacuated": 600,
  "mean": 12.829333333333334,
  "median": 11.825000000000001,
  "std": 6.88462196407345,
  "min": 2.0,
  "max": 36.2,
  "percentiles": {
    "5": 3.5475000000000003,
    "25": 7.300000000000001,
    "75": 17.2875,
    "95": 25.700000000000003
  },
  "survival_time_bins": [
    0.0,
    0.5,
    1.0,
    1.5,
    2.0,
    2.5,
    3.0,
    3.5,
    4.0,
    4.5,
    5.0,
    5.5,
    6.0,
    6.5,
    7.0,
    7.5,
    8.0,
    8.5,
    9.0,
    9.5,
    10.0,
    10.5,
    11.0,
    11.5,
    12.0,
    12.5,
    13.0,
    13.5,
    14.0,
    14.5,
    15.0,
    15.5,
    16.0,
    16.5,
    17.0,
    17.5,
    18.0,
    18.5,
    19.0,
    19.5,
    20.0,
    20.5,
    21.0,
    21.5,
    22.0,
    22.5,
    23.0,
    23.5,
    24.0,
    24.5,
    25.0,
    25.5,
    26.0,
    26.5,
    27.0,
    27.5,
    28.0,
    28.5,
    29.0,
    29.5,
    30.0,
    30.5,
    31.0,
    31.5,
    32.0,
    32.5,
    33.0,
    33.5,
    34.0,
    34.5,
    35.0,
    35.5,
    36.0
  ],
  "survival_fraction": [
    0.0,
    0.0,
    0.0,
    0.0,
    0.0016666666666666668,
    0.013333333333333334,
    0.03,
    0.05,
    0.07166666666666667,
    0.09333333333333334,
    0.125,
    0.14833333333333334,
    0.17666666666666667,
    0.20666666666666667,
    0.235,
    0.26666666666666666,
    0.295,
    0.3233333333333333,
    0.34833333333333333,
    0.37666666666666665,
    0.405,
    0.435,
    0.465,
    0.485,
    0.515,
    0.535,
    0.5633333333333334,
    0.5883333333333334,
    0.61,
    0.635,
    0.655,
    0.675,
    0.6966666666666667,
    0.7183333333333334,
    0.7333333333333333,
    0.7583333333333333,
    0.775,
    0.79,
    0.805,
    0.8233333333333334,
    0.8383333333333334,
    0.8483333333333334,
    0.86,
    0.875,
    0.8833333333333333,
    0.8966666666666666,
    0.9083333333333333,
    0.9133333333333333,
    0.925,
    0.93,
    0.94,
    0.945,
    0.9566666666666667,
    0.9616666666666667,
    0.9633333333333334,
    0.97,
    0.9766666666666667,
    0.98,
    0.9816666666666667,
    0.985,
    0.9883333333333333,
    0.99,
    0.9933333333333333,
    0.9933333333333333,
    0.9933333333333333,
    0.995,
    0.995,
    0.995,
    0.9983333333333333,
    0.9983333333333333,
    0.9983333333333333,
    0.9983333333333333,
    0.9983333333333333
  ],
  "peak_instantaneous_density_ppsqm": 55.0
}