{
  "n_agents": 2000,
  "n_evacuated": 2000,
  "total_time": 78.9,
  "mean_time": 33.161699999999996,
  "median_time": 32.175,
  "std_time": 17.22004153668808,
  "p90_time": 57.26000000000001,
  "max_time": 78.9,
  "throughput_avg": 25.348542458808616,
  "time_to_25pct": 18.7,
  "time_to_50pct": 32.175,
  "time_to_75pct": 46.5625,
  "time_to_90pct": 57.26000000000001,
  "density_peak": {
    "frame_index": 133,
    "cell": [
      0,
      41
    ],
    "count": 113,
    "density_m2": 150.67
  },
  "warmup_time": 7.5
}