{
  "reps": 30,
  "num_agents": 2000,
  "warmup_fraction": 0.1,
  "scenario_a": {
    "mean": 69.83166666666666,
    "ci95": [
      67.11539429729662,
      72.54793903603671
    ],
    "all_times": [
      72.8,
      68.60000000000001,
      65.2,
      76.25,
      60.6,
      82.55000000000001,
      87.9,
      70.2,
      81.15,
      74.35000000000001,
      62.1,
      64.2,
      74.95,
      59.35,
      70.8,
      66.3,
      66.75,
      65.45,
      74.05,
      62.150000000000006,
      68.9,
      66.55,
      67.10000000000001,
      66.10000000000001,
      71.4,
      72.75,
      85.2,
      63.95,
      64.60000000000001,
      62.7
    ]
  },
  "scenario_b": {
    "mean": 65.01,
    "ci95": [
      61.767045927014834,
      68.25295407298518
    ],
    "all_times": [
      70.60000000000001,
      56.050000000000004,
      59.550000000000004,
      72.75,
      53.2,
      83.10000000000001,
      81.15,
      64.2,
      83.9,
      65.10000000000001,
      54.900000000000006,
      59.550000000000004,
      71.9,
      51.050000000000004,
      63.2,
      58.1,
      59.75,
      64.95,
      75.3,
      60.800000000000004,
      61.050000000000004,
      59.900000000000006,
      66.10000000000001,
      61.85,
      68.95,
      66.75,
      77.2,
      61.050000000000004,
      62.400000000000006,
      55.95
    ]
  },
  "t_test": {
    "t_stat": 2.3311745070877605,
    "p_value": 0.023351361051749606
  },
  "mannwhitney": {
    "u_stat": 623.5,
    "p_value": 0.01052899073834457
  },
  "cohens_d": 0.6019066695369453
}